업종명,날짜,tot_market_cap,tot_frgn_ownership_shares,tot_frgn_owned_shares,tot_frgn_ownership_ratio
건설업,2024-03-27,137554.0,1642788066.0,188415525,11.469253332158063
건설업,2024-04-04,134921.0,1642788066.0,189434396,11.531274174717556
건설업,2024-04-05,135301.0,1642788066.0,188904588,11.499023636077473
건설업,2024-04-08,133915.0,1642788066.0,188853715,11.495926888477896
건설업,2024-04-09,134465.0,1642788066.0,189113382,11.511733370480913
건설업,2024-04-10,134465.0,1642788066.0,189113382,11.511733370480913
건설업,2024-04-11,133841.0,1642788066.0,188684385,11.485619411603395
건설업,2024-04-12,131618.0,1642788066.0,189057925,11.508357585061736
건설업,2024-04-15,131245.0,1642788066.0,188516857,11.475421626297594
건설업,2024-04-16,128707.0,1642788066.0,188904205,11.499000322053716
건설업,2024-04-17,127248.0,1642788066.0,188951025,11.501850354931905
건설업,2024-04-18,129803.0,1642788066.0,188795956,11.492410975427672
건설업,2024-04-19,130328.0,1642788066.0,189369089,11.52729879887014
건설업,2024-04-22,133269.0,1642788066.0,189412829,11.529961345604272
건설업,2024-04-23,133534.0,1642788066.0,190401923,11.59016959890674
건설업,2024-04-24,134874.0,1642788066.0,190068654,11.569882806781967
건설업,2024-04-25,135082.0,1642788066.0,191618697,11.664237217559627
건설업,2024-04-26,135358.0,1642788066.0,191623729,11.664543526091089
건설업,2024-04-29,138398.0,1642788066.0,191572217,11.66140788120383
건설업,2024-04-30,139827.0,1642788066.0,193326583,11.76819986711542
건설업,2024-05-01,139827.0,1642788066.0,193326583,11.76819986711542
건설업,2024-05-02,139095.0,1642788066.0,194875025,11.862456821621445
건설업,2024-05-03,137665.0,1650568466.0,194265035,11.769583570852008
건설업,2024-05-06,137665.0,1650568466.0,194265035,11.769583570852008
건설업,2024-05-07,139234.0,1650568466.0,194423992,11.779214010502004
건설업,2024-05-08,139978.0,1650568466.0,194897391,11.80789497768098
건설업,2024-05-09,138882.0,1650568466.0,195109961,11.820773570988603
건설업,2024-05-10,138275.0,1650568466.0,196646600,11.913871132928817
건설업,2024-05-13,138664.0,1650568466.0,196762386,11.920886049449098
건설업,2024-05-14,139529.0,1650568466.0,195920367,11.869872170452576
건설업,2024-05-15,139529.0,1650568466.0,195920367,11.869872170452576
건설업,2024-05-16,139710.0,1650568466.0,196797946,11.923040458716724
건설업,2024-05-17,137336.0,1650568466.0,197377225,11.958136185548573
건설업,2024-05-20,137066.0,1650568466.0,196117682,11.881826536724834
건설업,2024-05-21,135934.0,1650568466.0,195990934,11.874147485379137
건설업,2024-05-22,136497.0,1650568466.0,195232779,11.828214522547409
건설업,2024-05-23,136337.0,1650568466.0,195359885,11.835915263390232
건설업,2024-05-24,135758.0,1650568466.0,195108740,11.820699596474661
광업,2024-03-27,3633.0,44523164.0,2688843,6.0392001790348955
광업,2024-04-04,2996.0,44523164.0,2404288,5.400083426236284
광업,2024-04-05,2845.0,44523164.0,2405307,5.402372122520313
광업,2024-04-08,3054.0,44523164.0,2436316,5.472019014641457
광업,2024-04-09,3228.0,44523164.0,2207391,4.957848458388986
광업,2024-04-10,3228.0,44523164.0,2207391,4.957848458388986
광업,2024-04-11,3348.0,44523164.0,1757921,3.948329009142297
광업,2024-04-12,3437.0,44523164.0,1769909,3.9752543193021954
광업,2024-04-15,3366.0,44523164.0,1729275,3.8839894666964816
광업,2024-04-16,3246.0,44523164.0,1704502,3.82834876694747
광업,2024-04-17,3219.0,44523164.0,1687291,3.789692484568258
광업,2024-04-18,3228.0,44523164.0,1687484,3.7901259667888834
광업,2024-04-19,3219.0,44523164.0,1690983,3.7979847973068583
광업,2024-04-22,3250.0,44523164.0,1712458,3.846218116933468
광업,2024-04-23,3152.0,44523164.0,1688517,3.792446107379071
광업,2024-04-24,3170.0,44523164.0,1687507,3.7901776252918595
광업,2024-04-25,3204.0,45513777.0,1726406,3.793150368513692
광업,2024-04-26,3109.0,45513777.0,1717332,3.773213548064798
광업,2024-04-29,3131.0,45513777.0,1798629,3.951834188579867
광업,2024-04-30,3072.0,45513777.0,1765066,3.878091681997739
광업,2024-05-01,3072.0,45513777.0,1765066,3.878091681997739
광업,2024-05-02,2967.0,45513777.0,1788414,3.9293904349006237
광업,2024-05-03,2931.0,45513777.0,1783152,3.917829100406235
광업,2024-05-06,2931.0,45513777.0,1783152,3.917829100406235
광업,2024-05-07,2927.0,45513777.0,1804387,3.9644853029885874
광업,2024-05-08,3109.0,45513777.0,1815340,3.9885505437177846
광업,2024-05-09,3118.0,45513777.0,1791639,3.9364762014807075
광업,2024-05-10,2899.0,45513777.0,1764651,3.877179870174255
광업,2024-05-13,2763.0,45513777.0,1763859,3.8754397377304017
광업,2024-05-14,2777.0,46679897.0,1747535,3.743656503783631
광업,2024-05-15,2777.0,46679897.0,1747535,3.743656503783631
광업,2024-05-16,2773.0,46679897.0,1752419,3.754119251805547
광업,2024-05-17,1942.0,46679897.0,1747945,3.744534826201523
광업,2024-05-20,1879.0,46679897.0,1851597,3.966583302443876
광업,2024-05-21,1996.0,46679897.0,1898739,4.067573242503085
광업,2024-05-22,2029.0,46705673.0,1884863,4.035618970740449
광업,2024-05-23,2057.0,46705673.0,1882734,4.031060637965756
광업,2024-05-24,2064.0,46705673.0,1907679,4.084469567540543
기계,2024-03-27,532204.0,3275922477.0,377021536,11.508866239877142
기계,2024-04-04,540580.0,3275986374.0,377286507,11.516730044860681
기계,2024-04-05,533152.0,3275986374.0,377558417,11.525030140433667
기계,2024-04-08,525931.0,3275986374.0,376135549,11.481596870646813
기계,2024-04-09,528424.0,3275986374.0,375635562,11.46633468872908
기계,2024-04-10,528424.0,3275986374.0,375635562,11.46633468872908
기계,2024-04-11,524977.0,3275986374.0,374056575,11.418135861880115
기계,2024-04-12,532634.0,3275986374.0,373579423,11.403570721933656
기계,2024-04-15,530085.0,3275986374.0,374184749,11.422048393416182
기계,2024-04-16,511516.0,3275986374.0,374133395,11.420480804478462
기계,2024-04-17,500094.0,3275986374.0,371660945,11.345008878843402
기계,2024-04-18,515389.0,3275986374.0,370334442,11.304517165858028
기계,2024-04-19,504800.0,3275986374.0,373617868,11.404744261613342
기계,2024-04-22,507240.0,3275986374.0,373070050,11.388022030887726
기계,2024-04-23,512738.0,3275986374.0,373204525,11.392126901441134
기계,2024-04-24,530893.0,3275986374.0,372761471,11.378602608314756
기계,2024-04-25,520216.0,3275986374.0,378041056,11.539762771919271
기계,2024-04-26,524571.0,3275986374.0,374514802,11.432123313221082
기계,2024-04-29,534304.0,3275986374.0,374067019,11.418454666624935
기계,2024-04-30,528578.0,3275986374.0,377107906,11.511278221207888
기계,2024-05-01,528578.0,3275986374.0,377107906,11.511278221207888
기계,2024-05-02,529250.0,3275986374.0,380888548,11.626682913669532
기계,2024-05-03,528395.0,3275986374.0,378717939,11.560424732096276
기계,2024-05-06,528395.0,3275986374.0,378717939,11.560424732096276
기계,2024-05-07,537390.0,3275986374.0,379892180,11.596268623551973
기계,2024-05-08,542258.0,3275986374.0,376463857,11.491618524051896
기계,2024-05-09,542892.0,3275986374.0,376315444,11.487088193853397
기계,2024-05-10,539844.0,3275986374.0,379725423,11.591178339864488
기계,2024-05-13,544938.0,3275986374.0,378856891,11.564666263779765
기계,2024-05-14,546045.0,3275986374.0,378329799,11.548576697468278
기계,2024-05-15,546045.0,3275986374.0,378329799,11.548576697468278
기계,2024-05-16,554243.0,3275986374.0,377647654,11.527754113912563
기계,2024-05-17,541074.0,3288306749.0,378328828,11.505277849003983
기계,2024-05-20,542333.0,3288306749.0,377350025,11.475511678305411
기계,2024-05-21,538739.0,3287961081.0,378015528,11.496958713545064
기계,2024-05-22,548450.0,3290961081.0,377900191,11.482973566043214
기계,2024-05-23,548244.0,3293211884.0,378297966,11.487203961517102
기계,2024-05-24,551218.0,3293243832.0,377597301,11.46581669206934
기타금융,2024-03-27,2092560.0,5814113557.0,1845585529,31.7431971513177
기타금융,2024-04-04,2050750.0,5814113557.0,1847951597,31.783892400504072
기타금융,2024-04-05,2031692.0,5801389340.0,1847570063,31.84702757770779
기타금융,2024-04-08,2030433.0,5801389340.0,1846636365,31.830933191599932
기타금융,2024-04-09,2012433.0,5801389340.0,1847249832,31.841507675814775
기타금융,2024-04-10,2012433.0,5801389340.0,1847249832,31.841507675814775
기타금융,2024-04-11,1988528.0,5801389340.0,1846035620,31.820577999683092
기타금융,2024-04-12,1947395.0,5792688340.0,1846773126,31.881106277504305
기타금융,2024-04-15,1953737.0,5792820165.0,1847052220,31.885198700968132
기타금융,2024-04-16,1907101.0,5792820165.0,1848220374,31.905364250160527
기타금융,2024-04-17,1879089.0,5792820165.0,1848437394,31.909110611929382
기타금융,2024-04-18,1925591.0,5792820165.0,1847775934,31.897691994034133
기타금융,2024-04-19,1897738.0,5792820165.0,1848853193,31.916288445664186
기타금융,2024-04-22,1996327.0,5792820165.0,1848941945,31.91782054915561
기타금융,2024-04-23,2003817.0,5788589089.0,1849059926,31.94318853127355
기타금융,2024-04-24,1994793.0,5784638089.0,1850233348,31.98529137922011
기타금융,2024-04-25,1981864.0,5784638089.0,1851007819,31.99867978810731
기타금융,2024-04-26,2056953.0,5784638089.0,1852372401,32.02226954392272
기타금융,2024-04-29,2087339.0,5784638089.0,1854345559,32.05637985419004
기타금융,2024-04-30,2069335.0,5784638089.0,1854345257,32.05637463346586
기타금융,2024-05-01,2069335.0,5784638089.0,1854345257,32.05637463346586
기타금융,2024-05-02,2026878.0,5784638089.0,1855468021,32.07578404132725
기타금융,2024-05-03,2035211.0,5784638089.0,1855827026,32.0819902204257
기타금융,2024-05-06,2035211.0,5784638089.0,1855827026,32.0819902204257
기타금융,2024-05-07,2060209.0,5784638089.0,1856609162,32.095511135441754
기타금융,2024-05-08,2099009.0,5784638089.0,1856622185,32.09573626620706
기타금융,2024-05-09,2074668.0,5784638089.0,1859300321,32.142033648321465
기타금융,2024-05-10,2119967.0,5783072699.0,1862684683,32.20925587399399
기타금융,2024-05-13,2151958.0,5783072699.0,1865418349,32.2565260042912
기타금융,2024-05-14,2126178.0,5772611929.0,1865165662,32.31060194138334
기타금융,2024-05-15,2126178.0,5772611929.0,1865165662,32.31060194138334
기타금융,2024-05-16,2149595.0,5772611929.0,1864397127,32.297288470645086
기타금융,2024-05-17,2128321.0,5772670356.0,1864658338,32.301486539273995
기타금융,2024-05-20,2148425.0,5772670356.0,1863907069,32.28847230229753
기타금융,2024-05-21,2137490.0,5772670356.0,1864355083,32.29623325125825
기타금융,2024-05-22,2111473.0,5772670356.0,1864741992,32.302935677971355
기타금융,2024-05-23,2093027.0,5772670356.0,1864314638,32.29553262230309
기타금융,2024-05-24,2092457.0,5772670356.0,1864006591,32.29019632244526
기타제조업,2024-03-27,151814.0,744826129.0,70133059,9.416030972780225
기타제조업,2024-04-04,147323.0,744834629.0,70032035,9.402360238543634
기타제조업,2024-04-05,147335.0,744834629.0,69912986,9.386376959119607
기타제조업,2024-04-08,147680.0,744834629.0,69983495,9.39584335572024
기타제조업,2024-04-09,147334.0,744834629.0,69988092,9.39646053969921
기타제조업,2024-04-10,147334.0,744834629.0,69988092,9.39646053969921
기타제조업,2024-04-11,146855.0,744834629.0,69969194,9.393923332208551
기타제조업,2024-04-12,143817.0,744834629.0,70120897,9.414290672030502
기타제조업,2024-04-15,145314.0,744834629.0,70060049,9.406121341869028
기타제조업,2024-04-16,143883.0,744834629.0,70057246,9.405745016723706
기타제조업,2024-04-17,144547.0,744834629.0,69847251,9.37755151016213
기타제조업,2024-04-18,146334.0,744834629.0,70054156,9.40533015953532
기타제조업,2024-04-19,145612.0,744834629.0,70141305,9.41703060908571
기타제조업,2024-04-22,147890.0,744834629.0,70155698,9.41896298433246
기타제조업,2024-04-23,146429.0,744834629.0,70281472,9.435849148737686
기타제조업,2024-04-24,146254.0,744834629.0,70219845,9.42757523160218
기타제조업,2024-04-25,145688.0,744834629.0,70411672,9.453329539005631
기타제조업,2024-04-26,145763.0,744834629.0,70353895,9.445572515130737
기타제조업,2024-04-29,147383.0,744834629.0,70391749,9.45065471707546
기타제조업,2024-04-30,146884.0,744851630.0,70453661,9.458750999846774
기타제조업,2024-05-01,146884.0,744851630.0,70453661,9.458750999846774
기타제조업,2024-05-02,149028.0,744851630.0,70473963,9.461476643341708
기타제조업,2024-05-03,150399.0,744851630.0,70716901,9.494092266402102
기타제조업,2024-05-06,150399.0,744851630.0,70716901,9.494092266402102
기타제조업,2024-05-07,150900.0,744851630.0,70985216,9.530114876703701
기타제조업,2024-05-08,149695.0,744851630.0,70980238,9.52944655568519
기타제조업,2024-05-09,149518.0,744851630.0,71166784,9.55449127499392
기타제조업,2024-05-10,148004.0,744851630.0,71157696,9.553271166232125
기타제조업,2024-05-13,147844.0,744851630.0,71144711,9.55152786602615
기타제조업,2024-05-14,147711.0,744851630.0,71353223,9.579521629025637
기타제조업,2024-05-15,147711.0,744851630.0,71353223,9.579521629025637
기타제조업,2024-05-16,149072.0,744851630.0,71454256,9.593085806900898
기타제조업,2024-05-17,148069.0,744851630.0,72160048,9.687841859190131
기타제조업,2024-05-20,147852.0,744851630.0,72056803,9.673980709419942
기타제조업,2024-05-21,146099.0,744851630.0,71890142,9.651605649302264
기타제조업,2024-05-22,146441.0,744851630.0,71754880,9.63344605958639
기타제조업,2024-05-23,145017.0,744851630.0,72105471,9.68051462812802
기타제조업,2024-05-24,143680.0,744851630.0,71927432,9.656612015469443
"농업, 임업 및 어업",2024-03-27,3675.0,25653805.0,809407,3.1551148065559866
"농업, 임업 및 어업",2024-04-04,3622.0,25653805.0,798238,3.111577405379046
"농업, 임업 및 어업",2024-04-05,3597.0,25653805.0,797096,3.1071258240249353
"농업, 임업 및 어업",2024-04-08,3590.0,25653805.0,795681,3.1016100730476435
"농업, 임업 및 어업",2024-04-09,3571.0,25653805.0,790974,3.0832619176765395
"농업, 임업 및 어업",2024-04-10,3571.0,25653805.0,790974,3.0832619176765395
"농업, 임업 및 어업",2024-04-11,3538.0,25653805.0,790121,3.0799368748612532
"농업, 임업 및 어업",2024-04-12,3501.0,25653805.0,788444,3.0733998328902867
"농업, 임업 및 어업",2024-04-15,3462.0,25653805.0,785287,3.0610936662222232
"농업, 임업 및 어업",2024-04-16,3423.0,25653805.0,783334,3.0534807604563925
"농업, 임업 및 어업",2024-04-17,3422.0,25653805.0,783008,3.05220999380014
"농업, 임업 및 어업",2024-04-18,3456.0,25653805.0,784012,3.0561236432568193
"농업, 임업 및 어업",2024-04-19,3401.0,25653805.0,785256,3.0609728264481624
"농업, 임업 및 어업",2024-04-22,3429.0,25653805.0,779453,3.038352400355425
"농업, 임업 및 어업",2024-04-23,3451.0,25653805.0,782078,3.0485848005783156
"농업, 임업 및 어업",2024-04-24,3487.0,25653805.0,780216,3.0413266180202116
"농업, 임업 및 어업",2024-04-25,3509.0,25653805.0,781345,3.0457275246303617
"농업, 임업 및 어업",2024-04-26,3508.0,25653805.0,782171,3.048947319900498
"농업, 임업 및 어업",2024-04-29,3512.0,25653805.0,780859,3.0438330688176665
"농업, 임업 및 어업",2024-04-30,3522.0,25653805.0,781679,3.047029475744436
"농업, 임업 및 어업",2024-05-01,3522.0,25653805.0,781679,3.047029475744436
"농업, 임업 및 어업",2024-05-02,3532.0,25653805.0,783347,3.0535314352003535
"농업, 임업 및 어업",2024-05-03,3542.0,25653805.0,784996,3.0599593315689426
"농업, 임업 및 어업",2024-05-06,3542.0,25653805.0,784996,3.0599593315689426
"농업, 임업 및 어업",2024-05-07,3543.0,25653805.0,786408,3.065463388374551
"농업, 임업 및 어업",2024-05-08,3553.0,25653805.0,787469,3.069599227093213
"농업, 임업 및 어업",2024-05-09,3561.0,25653805.0,789693,3.078268506367769
"농업, 임업 및 어업",2024-05-10,3565.0,25653805.0,790737,3.0823380781135583
"농업, 임업 및 어업",2024-05-13,3564.0,25653805.0,790670,3.0820769082792983
"농업, 임업 및 어업",2024-05-14,3570.0,25653805.0,791963,3.087117096274802
"농업, 임업 및 어업",2024-05-15,3570.0,25653805.0,791963,3.087117096274802
"농업, 임업 및 어업",2024-05-16,3668.0,25653805.0,790857,3.0828058449808906
"농업, 임업 및 어업",2024-05-17,3772.0,25653805.0,788598,3.074000133703363
"농업, 임업 및 어업",2024-05-20,3870.0,25653805.0,783197,3.052946726616188
"농업, 임업 및 어업",2024-05-21,3826.0,25653805.0,785193,3.060727248842813
"농업, 임업 및 어업",2024-05-22,3848.0,25653805.0,790846,3.0827629663513854
"농업, 임업 및 어업",2024-05-23,3832.0,25653805.0,800605,3.1208041068371726
"농업, 임업 및 어업",2024-05-24,3847.0,25653805.0,800720,3.121252383418366
보험,2024-03-27,508307.0,2271165017.0,411944861,18.138041838287087
보험,2024-04-04,495797.0,2271165017.0,412429867,18.159396781515326
보험,2024-04-05,492133.0,2271165017.0,412731051,18.172657993173026
보험,2024-04-08,500585.0,2271165017.0,412602714,18.167007280915687
보험,2024-04-09,491924.0,2271165017.0,413102982,18.189034214064772
보험,2024-04-10,491924.0,2271165017.0,413102982,18.189034214064772
보험,2024-04-11,305462.0,2271165017.0,412754016,18.17366914823345
보험,2024-04-12,456576.0,2271165017.0,413044746,18.186470067489598
보험,2024-04-15,460013.0,2271165017.0,412419474,18.158939174960004
보험,2024-04-16,450641.0,2271165017.0,413499627,18.20649859895231
보험,2024-04-17,444896.0,2271165017.0,412972247,18.183277917229386
보험,2024-04-18,446396.0,2271165017.0,412702915,18.171419157606724
보험,2024-04-19,444252.0,2271165017.0,412851340,18.17795434984899
보험,2024-04-22,477079.0,2271165017.0,412914134,18.180719186376937
보험,2024-04-23,488490.0,2271165017.0,413343703,18.199633223744748
보험,2024-04-24,481603.0,2271165017.0,413515181,18.20718344571085
보험,2024-04-25,487096.0,2271165017.0,414635650,18.256517993910258
보험,2024-04-26,499872.0,2271165017.0,415481006,18.293739243518825
보험,2024-04-29,499033.0,2271165017.0,416016622,18.317322558513148
보험,2024-04-30,494781.0,2271165017.0,416497024,18.33847478639638
보험,2024-05-01,494781.0,2271165017.0,416497024,18.33847478639638
보험,2024-05-02,480383.0,2271165017.0,416805670,18.352064551899534
보험,2024-05-03,477390.0,2271165017.0,416972177,18.359395899412974
보험,2024-05-06,477390.0,2271165017.0,416972177,18.359395899412974
보험,2024-05-07,494144.0,2271165017.0,417059561,18.363243440183723
보험,2024-05-08,501505.0,2271165017.0,417947932,18.40235865168753
보험,2024-05-09,497521.0,2271165017.0,418762368,18.438218485469037
보험,2024-05-10,512068.0,2271165017.0,419018864,18.449512072596352
보험,2024-05-13,520040.0,2271165017.0,421046976,18.538810383587375
보험,2024-05-14,526973.0,2271165017.0,421524796,18.559848925323596
보험,2024-05-15,526973.0,2271165017.0,421524796,18.559848925323596
보험,2024-05-16,363731.0,2271165017.0,422201655,18.58965120718923
보험,2024-05-17,537700.0,2271165017.0,423660479,18.653883616066636
보험,2024-05-20,546499.0,2271165017.0,422982383,18.624026868761867
보험,2024-05-21,543242.0,2271165017.0,423207349,18.633932181599818
보험,2024-05-22,512434.0,2271165017.0,423302008,18.638100042556268
보험,2024-05-23,512655.0,2271165017.0,422885169,18.619746510475597
보험,2024-05-24,503718.0,2271165017.0,423016414,18.625525262746685
비금속광물,2024-03-27,91287.0,1385768217.0,37804167,2.72802958938118
비금속광물,2024-04-04,89493.0,1385312013.0,36590071,2.641287353075166
비금속광물,2024-04-05,89387.0,1385312013.0,36469818,2.6326067815597582
비금속광물,2024-04-08,88752.0,1385312013.0,36329924,2.6225084067036093
비금속광물,2024-04-09,88992.0,1385312013.0,36241617,2.616133886077836
비금속광물,2024-04-10,88992.0,1385312013.0,36241617,2.616133886077836
비금속광물,2024-04-11,88677.0,1385312013.0,36420814,2.629069383519451
비금속광물,2024-04-12,88707.0,1385312013.0,36230123,2.615304181297098
비금속광물,2024-04-15,89218.0,1384312013.0,36067759,2.605464567329446
비금속광물,2024-04-16,88735.0,1384312013.0,36098602,2.607692605496446
비금속광물,2024-04-17,88469.0,1384312013.0,35891730,2.5927485756782205
비금속광물,2024-04-18,88930.0,1384312013.0,35845192,2.589386761321127
비금속광물,2024-04-19,89334.0,1384312013.0,36006498,2.601039192166571
비금속광물,2024-04-22,89178.0,1384312013.0,35953524,2.5972124537215877
비금속광물,2024-04-23,89344.0,1384312013.0,35935311,2.595896782122341
비금속광물,2024-04-24,89786.0,1384312013.0,36005510,2.6009678209734646
비금속광물,2024-04-25,89713.0,1384312013.0,36149811,2.6113918437837036
비금속광물,2024-04-26,90061.0,1384312013.0,35987124,2.5996396521916187
비금속광물,2024-04-29,90484.0,1384312013.0,36050830,2.6042416493860188
비금속광물,2024-04-30,90419.0,1384312013.0,36181592,2.6136876412413246
비금속광물,2024-05-01,90419.0,1384312013.0,36181592,2.6136876412413246
비금속광물,2024-05-02,90323.0,1384312013.0,36351483,2.625960235743472
비금속광물,2024-05-03,90322.0,1384312013.0,36219181,2.616402997291623
비금속광물,2024-05-06,90322.0,1384312013.0,36219181,2.616402997291623
비금속광물,2024-05-07,90712.0,1384312013.0,36295393,2.6219084035356124
비금속광물,2024-05-08,91257.0,1384312013.0,35976005,2.598836437316968
비금속광물,2024-05-09,91419.0,1384312013.0,36007753,2.601129850918949
비금속광물,2024-05-10,87873.0,1329401911.0,35982786,2.7066898055632476
비금속광물,2024-05-13,87606.0,1329401911.0,36031651,2.7103655186486337
비금속광물,2024-05-14,87829.0,1329401911.0,35745908,2.6888714168547634
비금속광물,2024-05-15,87829.0,1329401911.0,35745908,2.6888714168547634
비금속광물,2024-05-16,88903.0,1329401911.0,35797088,2.692721268399019
비금속광물,2024-05-17,89152.0,1329401911.0,35882101,2.6991160989838536
비금속광물,2024-05-20,89314.0,1329401911.0,35308312,2.6559546595988004
비금속광물,2024-05-21,88491.0,1329401911.0,35036713,2.6355244948944563
비금속광물,2024-05-22,88395.0,1329401911.0,34810853,2.618534899939677
비금속광물,2024-05-23,88040.0,1329401911.0,34594325,2.602247274789723
비금속광물,2024-05-24,87598.0,1329401911.0,34695987,2.609894473064286
서비스업,2024-03-27,1593841.0,4124920691.0,649213951,15.7388226255233
서비스업,2024-04-04,1543121.0,4119788412.0,645167472,15.660208910748302
서비스업,2024-04-05,1529416.0,4119788412.0,645413980,15.666192421922856
서비스업,2024-04-08,1523640.0,4119788412.0,645273478,15.662782004057933
서비스업,2024-04-09,1519612.0,4119788412.0,645230377,15.66173580955254
서비스업,2024-04-10,1519612.0,4119788412.0,645230377,15.66173580955254
서비스업,2024-04-11,1495931.0,4119788412.0,644851946,15.652550119362779
서비스업,2024-04-12,1488914.0,4119878949.0,645000137,15.655803119083341
서비스업,2024-04-15,1476145.0,4119878949.0,644965044,15.654951322211774
서비스업,2024-04-16,1462372.0,4119879096.0,645247499,15.661806668707154
서비스업,2024-04-17,1453424.0,4119879096.0,645288678,15.66280618832995
서비스업,2024-04-18,1488645.0,4119893962.0,645510851,15.668142358854235
서비스업,2024-04-19,1474959.0,4119893962.0,645873601,15.676947197118176
서비스업,2024-04-22,1489823.0,4119893962.0,645555172,15.66921813896918
서비스업,2024-04-23,1466569.0,4119893962.0,645721932,15.67326581596131
서비스업,2024-04-24,1488476.0,4119893962.0,646079475,15.68194426747724
서비스업,2024-04-25,1466903.0,4119893962.0,645999852,15.680011620648598
서비스업,2024-04-26,1471644.0,4119897212.0,646148407,15.683605045241599
서비스업,2024-04-29,1501423.0,4119897212.0,646141144,15.683428754435633
서비스업,2024-04-30,1499902.0,4119897242.0,646925332,15.702462804289524
서비스업,2024-05-01,1499902.0,4119897242.0,646925332,15.702462804289524
서비스업,2024-05-02,1505470.0,4119897242.0,646351259,15.68852864607442
서비스업,2024-05-03,1522794.0,4119897242.0,645871502,15.676883768257829
서비스업,2024-05-06,1522794.0,4119897242.0,645871502,15.676883768257829
서비스업,2024-05-07,1539082.0,4119897242.0,646149943,15.683642213521015
서비스업,2024-05-08,1538356.0,4119897242.0,645773536,15.674505893416649
서비스업,2024-05-09,1526356.0,4119897242.0,646056659,15.681377982290948
서비스업,2024-05-10,1528836.0,4119946036.0,645157013,15.659355908126754
서비스업,2024-05-13,1512086.0,4098697891.0,645248379,15.742765047817963
서비스업,2024-05-14,1514468.0,4098751347.0,644573303,15.726089446040259
서비스업,2024-05-15,1514468.0,4098751347.0,644573303,15.726089446040259
서비스업,2024-05-16,1524242.0,4098751347.0,644368218,15.721085849026498
서비스업,2024-05-17,1516080.0,4098751347.0,642807363,15.683004617259598
서비스업,2024-05-20,1501884.0,4096517887.0,641825355,15.667583364808094
서비스업,2024-05-21,1503747.0,4098057139.0,641356512,15.650257920915728
서비스업,2024-05-22,1500170.0,4098057139.0,640228476,15.62273180398425
서비스업,2024-05-23,1502348.0,4098057139.0,639295031,15.599954059108107
서비스업,2024-05-24,1488688.0,4098079361.0,639637828,15.608234288657544
섬유의복,2024-03-27,62537.0,979403235.0,33058184,3.3753394739399654
섬유의복,2024-04-04,62721.0,979403235.0,33116500,3.3812937119816637
섬유의복,2024-04-05,61962.0,979403235.0,32941721,3.3634482532620997
섬유의복,2024-04-08,61280.0,979403235.0,33013099,3.3707361605763944
섬유의복,2024-04-09,60440.0,979403235.0,32982543,3.3676163015736824
섬유의복,2024-04-10,60440.0,979403235.0,32982543,3.3676163015736824
섬유의복,2024-04-11,59870.0,979403235.0,32882654,3.357417335873921
섬유의복,2024-04-12,57988.0,979403235.0,33063122,3.3758436585110934
섬유의복,2024-04-15,57284.0,979403235.0,32867517,3.3558718028943413
섬유의복,2024-04-16,57096.0,979403235.0,32754115,3.3442931194729004
섬유의복,2024-04-17,58590.0,985024770.0,32946870,3.3447757867043286
섬유의복,2024-04-18,58791.0,985024770.0,33105097,3.3608390375807504
섬유의복,2024-04-19,57804.0,985024770.0,33175097,3.3679454578588923
섬유의복,2024-04-22,59367.0,985024770.0,33064668,3.356734673788965
섬유의복,2024-04-23,59119.0,985024770.0,33096578,3.3599741862329005
섬유의복,2024-04-24,58931.0,985024770.0,33012277,3.351415924291935
섬유의복,2024-04-25,58607.0,985024770.0,33147262,3.365119640595434
섬유의복,2024-04-26,58538.0,985024770.0,33226916,3.373206137750221
섬유의복,2024-04-29,59861.0,985024770.0,33071457,3.357423895035655
섬유의복,2024-04-30,59870.0,985024770.0,33743327,3.425632332068157
섬유의복,2024-05-01,59870.0,985024770.0,33743327,3.425632332068157
섬유의복,2024-05-02,61370.0,985024770.0,33425346,3.3933508088329596
섬유의복,2024-05-03,62530.0,985024770.0,33588442,3.4099083619998716
섬유의복,2024-05-06,62530.0,985024770.0,33588442,3.4099083619998716
섬유의복,2024-05-07,61902.0,985024770.0,33523345,3.403299695702069
섬유의복,2024-05-08,62175.0,985024770.0,33609880,3.4120847539701975
섬유의복,2024-05-09,61383.0,985024770.0,33771179,3.42845987517654
섬유의복,2024-05-10,61499.0,985024770.0,33461884,3.39706015717757
섬유의복,2024-05-13,60404.0,985024770.0,33334324,3.3841102290250022
섬유의복,2024-05-14,60740.0,985024770.0,33389201,3.389681357962196
섬유의복,2024-05-15,60740.0,985024770.0,33389201,3.389681357962196
섬유의복,2024-05-16,60995.0,985024770.0,33575260,3.4085701215412074
섬유의복,2024-05-17,60970.0,985024770.0,33556221,3.4066372767458426
섬유의복,2024-05-20,60342.0,985024770.0,33590799,3.410147645322666
섬유의복,2024-05-21,59845.0,985024770.0,33656425,3.416810015853713
섬유의복,2024-05-22,59390.0,985024770.0,33470065,3.3978906946675056
섬유의복,2024-05-23,59199.0,985024770.0,33303531,3.3809841147446473
섬유의복,2024-05-24,58741.0,985024770.0,33075593,3.357843782953803
운수장비,2024-03-27,1856611.0,4351875624.0,780226395,17.928508588277616
운수장비,2024-04-04,1771648.0,4361951315.0,781431593,17.914725235762976
운수장비,2024-04-05,1751475.0,4362321684.0,779764288,17.874983655148526
운수장비,2024-04-08,1773548.0,4362321684.0,779988427,17.88012172189913
운수장비,2024-04-09,1767770.0,4362321684.0,780585397,17.89380640733142
운수장비,2024-04-10,1767770.0,4362321684.0,780585397,17.89380640733142
운수장비,2024-04-11,1813904.0,4362321684.0,783327704,17.956669882302975
운수장비,2024-04-12,1803448.0,4362321684.0,785790173,18.013118470425944
운수장비,2024-04-15,1831804.0,4364321684.0,787992604,18.055328205729026
운수장비,2024-04-16,1809211.0,4362444462.0,788558811,18.076076792929037
운수장비,2024-04-17,1785496.0,4362444462.0,786526880,18.029498985057796
운수장비,2024-04-18,1814959.0,4362543668.0,784972011,17.993447647479226
운수장비,2024-04-19,1821483.0,4362543668.0,798117911,18.294783313100808
운수장비,2024-04-22,1858740.0,4362543668.0,796820149,18.265035484797814
운수장비,2024-04-23,1895347.0,4362563509.0,796113969,18.248765143650314
운수장비,2024-04-24,1914918.0,4362563509.0,797103621,18.271450246066777
운수장비,2024-04-25,1900856.0,4362563509.0,797871579,18.289053611574598
운수장비,2024-04-26,1911852.0,4362563509.0,798871894,18.31198313450157
운수장비,2024-04-29,1912316.0,4362563509.0,800686252,18.353572397242548
운수장비,2024-04-30,1888028.0,4362563509.0,799669887,18.330274971362027
운수장비,2024-05-01,1888028.0,4362563509.0,799669887,18.330274971362027
운수장비,2024-05-02,1891119.0,4362563509.0,801920761,18.381870185858194
운수장비,2024-05-03,1842587.0,4362563509.0,803478662,18.41758086369213
운수장비,2024-05-06,1842587.0,4362563509.0,803478662,18.41758086369213
운수장비,2024-05-07,1869886.0,4362563509.0,803604060,18.420455274568702
운수장비,2024-05-08,1873485.0,4362563509.0,808593516,18.53482509382077
운수장비,2024-05-09,1836067.0,4362563509.0,813351493,18.643888881435192
운수장비,2024-05-10,1857149.0,4362563509.0,814920398,18.679851796284762
운수장비,2024-05-13,1881869.0,4362563509.0,816480774,18.715619206817145
운수장비,2024-05-14,1875860.0,4362563509.0,820652181,18.81123745951179
운수장비,2024-05-15,1875860.0,4362563509.0,820652181,18.81123745951179
운수장비,2024-05-16,1881470.0,4362613191.0,820934733,18.81749990335093
운수장비,2024-05-17,1847437.0,4362613191.0,822005627,18.84204697991067
운수장비,2024-05-20,1867997.0,4362613191.0,823446491,18.875074524112215
운수장비,2024-05-21,1866195.0,4362613191.0,824243490,18.89334336815377
운수장비,2024-05-22,1929822.0,4362613191.0,824459114,18.89828591039989
운수장비,2024-05-23,1928548.0,4362613191.0,826018321,18.934026117742054
운수장비,2024-05-24,1918899.0,4393613191.0,838830533,19.092043303181168
운수창고업,2024-03-27,408037.0,2597109409.0,289360293,11.141628920108387
운수창고업,2024-04-04,403838.0,2598795700.0,286087968,11.008482428995862
운수창고업,2024-04-05,400219.0,2598795700.0,285669181,10.99236777250324
운수창고업,2024-04-08,399344.0,2598795700.0,283939699,10.925818408888393
운수창고업,2024-04-09,404856.0,2598795700.0,283776460,10.919537076346556
운수창고업,2024-04-10,404856.0,2598795700.0,283776460,10.919537076346556
운수창고업,2024-04-11,406220.0,2598795700.0,284002704,10.928242801078976
운수창고업,2024-04-12,396921.0,2598795700.0,298995947,11.505173223120233
운수창고업,2024-04-15,395942.0,2598795700.0,293775851,11.304307260474534
운수창고업,2024-04-16,383260.0,2598795700.0,290608911,11.182445430396855
운수창고업,2024-04-17,384953.0,2598795700.0,286760187,11.034348987109684
운수창고업,2024-04-18,389195.0,2598795700.0,286230400,11.013963121456603
운수창고업,2024-04-19,392221.0,2598795700.0,288205163,11.08995074141457
운수창고업,2024-04-22,404467.0,2598795700.0,280872683,10.807801590559812
운수창고업,2024-04-23,395458.0,2598795700.0,280738221,10.802627578612663
운수창고업,2024-04-24,396058.0,2598795700.0,279306802,10.747547489015778
운수창고업,2024-04-25,395690.0,2598795700.0,280016882,10.774870914246934
운수창고업,2024-04-26,398480.0,2598795700.0,290488732,11.177821019174381
운수창고업,2024-04-29,408478.0,2598795700.0,289818712,11.152039077177172
운수창고업,2024-04-30,405385.0,2599100500.0,293129227,11.278102828266935
운수창고업,2024-05-01,405385.0,2599100500.0,293129227,11.278102828266935
운수창고업,2024-05-02,406062.0,2599100500.0,292756752,11.263771908781518
운수창고업,2024-05-03,404551.0,2599578869.0,294016008,11.310139942516974
운수창고업,2024-05-06,404551.0,2599578869.0,294016008,11.310139942516974
운수창고업,2024-05-07,411704.0,2599578869.0,293192426,11.278458580207824
운수창고업,2024-05-08,420637.0,2599578869.0,294615681,11.333208025088005
운수창고업,2024-05-09,426108.0,2599578869.0,298668277,11.489102352754967
운수창고업,2024-05-10,435135.0,2599578869.0,301435710,11.595559326728779
운수창고업,2024-05-13,434918.0,2599578869.0,306726439,11.799081868902512
운수창고업,2024-05-14,430448.0,2599578869.0,306083054,11.77433228320337
운수창고업,2024-05-15,430448.0,2599578869.0,306083054,11.77433228320337
운수창고업,2024-05-16,420975.0,2599578869.0,304789195,11.724560413789083
운수창고업,2024-05-17,417308.0,2599578869.0,302653752,11.642414685284166
운수창고업,2024-05-20,426010.0,2599578869.0,300878046,11.57410723667488
운수창고업,2024-05-21,419995.0,2599578869.0,299754413,11.530883581743717
운수창고업,2024-05-22,418146.0,2599578869.0,299002784,11.5019700908332
운수창고업,2024-05-23,413604.0,2599578869.0,297486439,11.443639681316398
운수창고업,2024-05-24,408984.0,2599578869.0,298269665,11.473768638330935
유통업,2024-03-27,723706.0,3518388939.0,260324992,7.398982787672981
유통업,2024-04-04,702813.0,3518388939.0,260183862,7.39497157679076
유통업,2024-04-05,697050.0,3518388939.0,258910758,7.358787288411266
유통업,2024-04-08,696044.0,3518388939.0,258634537,7.35093650770484
유통업,2024-04-09,691973.0,3518388939.0,258311305,7.341749575685555
유통업,2024-04-10,691973.0,3518388939.0,258311305,7.341749575685555
유통업,2024-04-11,684046.0,3518388939.0,258175469,7.337888831397329
유통업,2024-04-12,664729.0,3518388939.0,258278472,7.340816392897374
유통업,2024-04-15,673223.0,3689977350.0,278962035,7.559993152803498
유통업,2024-04-16,667058.0,3689977350.0,279102526,7.5638005203473675
유통업,2024-04-17,655805.0,3689977350.0,278207156,7.539535601756471
유통업,2024-04-18,665724.0,3690454379.0,278831539,7.555479904768658
유통업,2024-04-19,658924.0,3690454379.0,278857877,7.556193583825359
유통업,2024-04-22,685901.0,3690454379.0,278879107,7.55676885174144
유통업,2024-04-23,692520.0,3690454379.0,285778260,7.743714747598022
유통업,2024-04-24,693657.0,3690454379.0,284714788,7.7148979166394405
유통업,2024-04-25,691433.0,3690598679.0,285299019,7.730426519236285
유통업,2024-04-26,695308.0,3690598679.0,284277711,7.702753285464989
유통업,2024-04-29,703106.0,3690598679.0,284451747,7.70746894314379
유통업,2024-04-30,701304.0,3690598679.0,285678074,7.740697346084971
유통업,2024-05-01,701304.0,3690598679.0,285678074,7.740697346084971
유통업,2024-05-02,690818.0,3690598679.0,286108199,7.752351959263247
유통업,2024-05-03,691436.0,3690598679.0,286565264,7.764736535310508
유통업,2024-05-06,691436.0,3690598679.0,286565264,7.764736535310508
유통업,2024-05-07,702255.0,3690598679.0,286598890,7.765647661198873
유통업,2024-05-08,709679.0,3690887279.0,287120360,7.77916902620206
유통업,2024-05-09,701385.0,3690887279.0,288006126,7.803167754232572
유통업,2024-05-10,696675.0,3683079716.0,287061815,7.794070102608662
유통업,2024-05-13,692345.0,3683079716.0,288144025,7.823453392774733
유통업,2024-05-14,692440.0,3683079716.0,287666314,7.810482970279539
유통업,2024-05-15,692440.0,3683079716.0,287666314,7.810482970279539
유통업,2024-05-16,697226.0,3683079716.0,287433058,7.804149792124673
유통업,2024-05-17,691088.0,3683079716.0,287499092,7.805942693856155
유통업,2024-05-20,695107.0,3683079716.0,287457150,7.804803918612768
유통업,2024-05-21,688060.0,3683079716.0,287604612,7.8088076875064845
유통업,2024-05-22,684266.0,3683079716.0,287340036,7.80162413405662
유통업,2024-05-23,671202.0,3683079716.0,286570775,7.780737781891658
유통업,2024-05-24,662550.0,3683079716.0,285952187,7.763942381093986
은행,2024-03-27,256457.0,1306475780.0,198081964,15.161548880760728
은행,2024-04-04,234135.0,1306475780.0,199626324,15.279756965720406
은행,2024-04-05,231465.0,1306475780.0,199760222,15.290005758851496
은행,2024-04-08,234170.0,1306475780.0,199935547,15.30342544888203
은행,2024-04-09,233642.0,1306475780.0,200463953,15.34387059207481
은행,2024-04-10,233642.0,1306475780.0,200463953,15.34387059207481
은행,2024-04-11,233233.0,1306475780.0,200289883,15.330546961995728
은행,2024-04-12,224152.0,1306475780.0,200841650,15.372780198037809
은행,2024-04-15,223914.0,1306475780.0,200983811,15.383661456012602
은행,2024-04-16,219685.0,1306475780.0,201621450,15.432467488987816
은행,2024-04-17,217671.0,1306475780.0,201691733,15.437847075894512
은행,2024-04-18,225337.0,1306475780.0,202135565,15.471818773402749
은행,2024-04-19,224515.0,1306475780.0,202865806,15.527712729584623
은행,2024-04-22,231488.0,1306475780.0,203206274,15.55377276109933
은행,2024-04-23,230938.0,1306475780.0,203231204,15.555680948023392
은행,2024-04-24,230976.0,1306475780.0,203551575,15.580202719104369
은행,2024-04-25,229580.0,1306475780.0,203638943,15.586890022561306
은행,2024-04-26,232839.0,1306475780.0,203795945,15.59890723730064
은행,2024-04-29,235722.0,1306475780.0,204046546,15.618088687415238
은행,2024-04-30,235738.0,1306475780.0,204204200,15.630155807404252
은행,2024-05-01,235738.0,1306475780.0,204204200,15.630155807404252
은행,2024-05-02,231157.0,1306475780.0,204694153,15.667657688992904
은행,2024-05-03,233975.0,1306475780.0,204352311,15.64149248905326
은행,2024-05-06,233975.0,1306475780.0,204352311,15.64149248905326
은행,2024-05-07,237351.0,1306475780.0,204563312,15.657642884126027
은행,2024-05-08,237709.0,1306475780.0,204787602,15.67481044309907
은행,2024-05-09,229540.0,1306475780.0,204983504,15.689805133624443
은행,2024-05-10,229650.0,1306475780.0,203776094,15.597387806148234
은행,2024-05-13,229018.0,1306475780.0,204529338,15.655042453217158
은행,2024-05-14,227000.0,1306475780.0,204600891,15.660519248202212
은행,2024-05-15,227000.0,1306475780.0,204600891,15.660519248202212
은행,2024-05-16,229157.0,1306475780.0,204368338,15.642719224385468
은행,2024-05-17,227075.0,1306475780.0,204482692,15.651472084694904
은행,2024-05-20,229202.0,1306475780.0,204224863,15.631737390493377
은행,2024-05-21,226498.0,1306475780.0,204560361,15.657417009291974
은행,2024-05-22,226306.0,1306475780.0,204387403,15.644178493687805
은행,2024-05-23,224011.0,1306475780.0,204339400,15.640504257951113
은행,2024-05-24,221350.0,1306475780.0,204398756,15.645047472674925
음식료품,2024-03-27,235533.0,1341727349.0,54087103,4.031154544200917
음식료품,2024-04-04,244381.0,1341727349.0,54323356,4.048762667056584
음식료품,2024-04-05,243211.0,1341727349.0,54104721,4.0324676276685185
음식료품,2024-04-08,241647.0,1341727349.0,54144344,4.035420761181786
음식료품,2024-04-09,242710.0,1341727349.0,53942197,4.020354585468019
음식료품,2024-04-10,242710.0,1341727349.0,53942197,4.020354585468019
음식료품,2024-04-11,242990.0,1341727349.0,54028022,4.026751190565469
음식료품,2024-04-12,241515.0,1341727349.0,53938691,4.020093280516413
음식료품,2024-04-15,245229.0,1341727349.0,53749718,4.006008973437121
음식료품,2024-04-16,245572.0,1341727349.0,53984926,4.023539211616681
음식료품,2024-04-17,244577.0,1341727349.0,53938882,4.020107515897404
음식료품,2024-04-18,247280.0,1341727349.0,53807115,4.0102868172213135
음식료품,2024-04-19,247309.0,1341727349.0,54006675,4.025160181779972
음식료품,2024-04-22,256364.0,1341727349.0,54053876,4.028678109623895
음식료품,2024-04-23,254141.0,1341727349.0,54495531,4.061595005916511
음식료품,2024-04-24,253733.0,1341727349.0,54286262,4.045998021912572
음식료품,2024-04-25,254973.0,1341727349.0,54549510,4.065618103458664
음식료품,2024-04-26,253886.0,1341727349.0,55019256,4.100628644188127
음식료품,2024-04-29,256488.0,1341727349.0,54873569,4.089770476907824
음식료품,2024-04-30,256492.0,1341727349.0,55353355,4.125529306774234
음식료품,2024-05-01,256492.0,1341727349.0,55353355,4.125529306774234
음식료품,2024-05-02,258923.0,1341727349.0,55757144,4.155624020152547
음식료품,2024-05-03,257735.0,1341727349.0,56100237,4.181195012668703
음식료품,2024-05-06,257735.0,1341727349.0,56100237,4.181195012668703
음식료품,2024-05-07,257769.0,1341727349.0,56224576,4.190462096632719
음식료품,2024-05-08,257482.0,1341727349.0,56030186,4.175974056261113
음식료품,2024-05-09,257340.0,1341727349.0,56372701,4.20150196998034
음식료품,2024-05-10,260469.0,1341727349.0,56263867,4.19339048592353
음식료품,2024-05-13,265387.0,1341727349.0,56753336,4.2298709974346655
음식료품,2024-05-14,261864.0,1341727349.0,56791482,4.232714048970317
음식료품,2024-05-15,261864.0,1341727349.0,56791482,4.232714048970317
음식료품,2024-05-16,262215.0,1341727349.0,56994973,4.247880394066559
음식료품,2024-05-17,273768.0,1341727349.0,57168075,4.26078182296931
음식료품,2024-05-20,281524.0,1341727349.0,57364711,4.275437259496452
음식료품,2024-05-21,279457.0,1341727349.0,56788043,4.232457737581676
음식료품,2024-05-22,284400.0,1341727349.0,57261166,4.267719968790768
음식료품,2024-05-23,280520.0,1341727349.0,56807662,4.233919957161133
음식료품,2024-05-24,286523.0,1341727349.0,57009922,4.248994554854229
의료정밀,2024-03-27,48645.0,276689573.0,20015528,7.233929267005664
의료정밀,2024-04-04,49441.0,276689573.0,18698917,6.758085170054456
의료정밀,2024-04-05,47911.0,276689573.0,18735619,6.771349854950985
의료정밀,2024-04-08,47022.0,276689573.0,18879630,6.8233977143764655
의료정밀,2024-04-09,46865.0,276689573.0,18889159,6.826841646107135
의료정밀,2024-04-10,46865.0,276689573.0,18889159,6.826841646107135
의료정밀,2024-04-11,47469.0,276689573.0,18804899,6.796388745737087
의료정밀,2024-04-12,48598.0,276689573.0,18676417,6.7499533132027345
의료정밀,2024-04-15,49570.0,276689573.0,18405251,6.651949620089226
의료정밀,2024-04-16,47453.0,276689573.0,18401738,6.650679966172776
의료정밀,2024-04-17,47665.0,276689573.0,18227998,6.587887574643083
의료정밀,2024-04-18,48895.0,276689573.0,18478891,6.678564284025261
의료정밀,2024-04-19,47433.0,276689573.0,18836684,6.807876348849619
의료정밀,2024-04-22,47333.0,276689573.0,18038043,6.519234824942247
의료정밀,2024-04-23,47170.0,276689573.0,18051722,6.524178632492234
의료정밀,2024-04-24,46995.0,276689573.0,18072215,6.531585127712781
의료정밀,2024-04-25,46353.0,276689573.0,18192216,6.574955392337824
의료정밀,2024-04-26,47294.0,276689573.0,18197518,6.57687161922795
의료정밀,2024-04-29,48500.0,276689573.0,18180598,6.570756462875455
의료정밀,2024-04-30,47901.0,276689573.0,18302556,6.614834018338667
의료정밀,2024-05-01,47901.0,276689573.0,18302556,6.614834018338667
의료정밀,2024-05-02,47750.0,276689573.0,18105940,6.543773877593863
의료정밀,2024-05-03,47764.0,276689573.0,18030450,6.516490594316686
의료정밀,2024-05-06,47764.0,276689573.0,18030450,6.516490594316686
의료정밀,2024-05-07,48221.0,276689573.0,17916162,6.475185098500261
의료정밀,2024-05-08,48018.0,276689573.0,18004122,6.506975237552591
의료정밀,2024-05-09,47432.0,276689573.0,18188704,6.573686099837235
의료정밀,2024-05-10,45563.0,276689573.0,18044016,6.521393561874484
의료정밀,2024-05-13,45118.0,276689573.0,18444285,6.666057126771452
의료정밀,2024-05-14,46291.0,276689573.0,18638096,6.736103496028743
의료정밀,2024-05-15,46291.0,276689573.0,18638096,6.736103496028743
의료정밀,2024-05-16,46602.0,276689573.0,18670956,6.747979621190857
의료정밀,2024-05-17,46161.0,276689573.0,18873573,6.821208618511982
의료정밀,2024-05-20,46034.0,276689573.0,18987698,6.862455203543213
의료정밀,2024-05-21,46782.0,276689573.0,18770548,6.783973749527599
의료정밀,2024-05-22,46871.0,276689573.0,18691521,6.755412138353331
의료정밀,2024-05-23,46312.0,276689573.0,18669984,6.747628324974862
의료정밀,2024-05-24,45334.0,276689573.0,18652986,6.741484978185282
의약품,2024-03-27,1339046.0,2637892967.0,169269210,6.416833894231313
의약품,2024-04-04,1294251.0,2638079644.0,167980753,6.3675391067912726
의약품,2024-04-05,1283317.0,2638079644.0,167616694,6.3537389548198195
의약품,2024-04-08,1305571.0,2638079644.0,167574478,6.352138699873157
의약품,2024-04-09,1281589.0,2639106274.0,167930624,6.363162622681105
의약품,2024-04-10,1281589.0,2639106274.0,167930624,6.363162622681105
의약품,2024-04-11,1269067.0,2639106274.0,167584650,6.350053108926071
의약품,2024-04-12,1275600.0,2640671492.0,167348275,6.3373378895098105
의약품,2024-04-15,1263301.0,2640722382.0,167346147,6.337135177127454
의약품,2024-04-16,1238218.0,2041543161.0,161638301,7.917456955493678
의약품,2024-04-17,1226853.0,2041578516.0,161272660,7.899410124866342
의약품,2024-04-18,1258482.0,2041578516.0,161011388,7.886612576403111
의약품,2024-04-19,1238071.0,2041747116.0,161579188,7.9137708452627
의약품,2024-04-22,1273574.0,2041747116.0,161610254,7.915292385308309
의약품,2024-04-23,1269892.0,2039138738.0,162050911,7.94702724145884
의약품,2024-04-24,1268179.0,2039138738.0,162124939,7.950657597678379
의약품,2024-04-25,1253101.0,2039138738.0,161963148,7.942723316553462
의약품,2024-04-26,1244737.0,2039138738.0,162382301,7.963278710465064
의약품,2024-04-29,1270217.0,2039216520.0,162702222,7.97866339372339
의약품,2024-04-30,1285880.0,2039216968.0,163523920,8.018956421315929
의약품,2024-05-01,1285880.0,2039216968.0,163523920,8.018956421315929
의약품,2024-05-02,1278633.0,2039216968.0,164158793,8.050089596939838
의약품,2024-05-03,1277216.0,2039216968.0,164168448,8.0505630629884
의약품,2024-05-06,1277216.0,2039216968.0,164168448,8.0505630629884
의약품,2024-05-07,1302596.0,2039216968.0,164174623,8.050865875298072
의약품,2024-05-08,1308175.0,2039216968.0,164206663,8.052437066618209
의약품,2024-05-09,1286991.0,2040204579.0,164520954,8.063943963925393
의약품,2024-05-10,1295685.0,2039084655.0,164188886,8.052087763859907
의약품,2024-05-13,1284314.0,2039084655.0,164284979,8.056800319553187
의약품,2024-05-14,1285957.0,2039148040.0,163828315,8.034155038591509
의약품,2024-05-15,1285957.0,2039148040.0,163828315,8.034155038591509
의약품,2024-05-16,1297854.0,2039148040.0,164035379,8.044309475441517
의약품,2024-05-17,1300927.0,2039148040.0,164233531,8.054026867024328
의약품,2024-05-20,1289272.0,2039148040.0,164693397,8.076578736284395
의약품,2024-05-21,1277524.0,2039148040.0,164450208,8.064652726243455
의약품,2024-05-22,1267826.0,2039148040.0,163806575,8.03308890707121
의약품,2024-05-23,1256896.0,2039148040.0,163290552,8.007783093570783
의약품,2024-05-24,1232634.0,2039148040.0,163072859,7.997107409621912
전기가스업,2024-03-27,187249.0,386822609.0,105342693,27.23281694219688
전기가스업,2024-04-04,183686.0,386822609.0,105554553,27.28758623309942
전기가스업,2024-04-05,182899.0,386822609.0,105673089,27.318229736669814
전기가스업,2024-04-08,187091.0,386822609.0,105940599,27.387385466913077
전기가스업,2024-04-09,187116.0,386822609.0,105960837,27.392617322427498
전기가스업,2024-04-10,187116.0,386822609.0,105960837,27.392617322427498
전기가스업,2024-04-11,180478.0,386822609.0,106051398,27.416028828863
전기가스업,2024-04-12,172169.0,386822609.0,106656294,27.572404383426306
전기가스업,2024-04-15,178663.0,386822609.0,106911804,27.638457916507146
전기가스업,2024-04-16,175022.0,386822609.0,107385668,27.760959546188264
전기가스업,2024-04-17,169802.0,386822609.0,107011772,27.664301287001557
전기가스업,2024-04-18,174409.0,386822609.0,106643274,27.569038499505076
전기가스업,2024-04-19,172465.0,386822609.0,106830017,27.61731463323024
전기가스업,2024-04-22,178154.0,386822609.0,106701499,27.584090618653573
전기가스업,2024-04-23,183098.0,386822609.0,106665287,27.574729221683107
전기가스업,2024-04-24,179570.0,386822609.0,106472647,27.52492861656905
전기가스업,2024-04-25,179897.0,386822609.0,105843720,27.362340653671563
전기가스업,2024-04-26,180705.0,386822609.0,105775476,27.344698458408878
전기가스업,2024-04-29,182832.0,386822609.0,105619566,27.304393161776126
전기가스업,2024-04-30,181745.0,386822609.0,105670490,27.317557852467715
전기가스업,2024-05-01,181745.0,386822609.0,105670490,27.317557852467715
전기가스업,2024-05-02,182584.0,386822609.0,105568835,27.291278364755563
전기가스업,2024-05-03,182194.0,386822609.0,105664330,27.315965391257674
전기가스업,2024-05-06,182194.0,386822609.0,105664330,27.315965391257674
전기가스업,2024-05-07,186391.0,386822609.0,105585451,27.295573873759793
전기가스업,2024-05-08,184151.0,386822609.0,105752642,27.33879549424165
전기가스업,2024-05-09,186566.0,386822609.0,105436799,27.257144889377443
전기가스업,2024-05-10,179333.0,386822609.0,105485844,27.269823827696687
전기가스업,2024-05-13,169620.0,386822609.0,105018119,27.148909230380585
전기가스업,2024-05-14,173207.0,386822609.0,103219144,26.68384463535843
전기가스업,2024-05-15,173207.0,386822609.0,103219144,26.68384463535843
전기가스업,2024-05-16,174120.0,386822609.0,102992750,26.625318066659336
전기가스업,2024-05-17,175297.0,386822609.0,102842511,26.586478816702257
전기가스업,2024-05-20,176825.0,386822609.0,103044620,26.638727313893902
전기가스업,2024-05-21,177168.0,386822609.0,103099492,26.65291262745193
전기가스업,2024-05-22,178136.0,386822609.0,103280162,26.699618790896473
전기가스업,2024-05-23,177548.0,386822609.0,103833653,26.84270530836526
전기가스업,2024-05-24,174875.0,386822609.0,103935431,26.86901659359833
전기전자,2024-03-27,8617980.0,10439450197.0,4149014363,39.74360990957463
전기전자,2024-04-04,8874542.0,10501450197.0,4187769439,39.878010755089235
전기전자,2024-04-05,8758367.0,10501450197.0,4194750874,39.94449143032012
전기전자,2024-04-08,8752723.0,10501450197.0,4189673808,39.896145098101634
전기전자,2024-04-09,8718323.0,10501450197.0,4190459123,39.90362325573956
전기전자,2024-04-10,8718323.0,10501450197.0,4190459123,39.90362325573956
전기전자,2024-04-11,8807807.0,10501450197.0,4196885633,39.96481966080213
전기전자,2024-04-12,8738194.0,10501450197.0,4205208874,40.04407767606537
전기전자,2024-04-15,8585432.0,10501450197.0,4207239791,40.06341707169075
전기전자,2024-04-16,8364537.0,10501450197.0,4204196725,40.03443949294768
전기전자,2024-04-17,8286114.0,10501450197.0,4204451753,40.0368679956327
전기전자,2024-04-18,8440169.0,10501450197.0,4207663521,40.06745203821491
전기전자,2024-04-19,8214349.0,10501450197.0,4210836057,40.097662494299406
전기전자,2024-04-22,8172787.0,10501705623.0,4207800996,40.067786577300446
전기전자,2024-04-23,8103711.0,10501705623.0,4197902832,39.97353365919996
전기전자,2024-04-24,8448943.0,10501705623.0,4195396436,39.94966709799574
전기전자,2024-04-25,8173861.0,10501705623.0,4201138304,40.004342673622475
전기전자,2024-04-26,8270794.0,10504759009.0,4199877246,39.98071009912494
전기전자,2024-04-29,8307629.0,10504759009.0,4209417934,40.071532630054264
전기전자,2024-04-30,8374072.0,10504779321.0,4208394445,40.06171206840148
전기전자,2024-05-01,8374072.0,10504779321.0,4208394445,40.06171206840148
전기전자,2024-05-02,8388169.0,10504779321.0,4210292400,40.079779606443005
전기전자,2024-05-03,8352998.0,10504779321.0,4211425646,40.09056751512124
전기전자,2024-05-06,8352998.0,10504779321.0,4211425646,40.09056751512124
전기전자,2024-05-07,8645012.0,10504779321.0,4210418101,40.08097621415992
전기전자,2024-05-08,8642656.0,10505250602.0,4225636123,40.22403922658941
전기전자,2024-05-09,8513406.0,10505250602.0,4228916403,40.25526437413016
전기전자,2024-05-10,8509090.0,10505250602.0,4223597752,40.20463587223619
전기전자,2024-05-13,8481813.0,10505250602.0,4226060636,40.22808018682999
전기전자,2024-05-14,8497063.0,10505250602.0,4224615084,40.21431990585464
전기전자,2024-05-15,8497063.0,10505250602.0,4224615084,40.21431990585464
전기전자,2024-05-16,8571172.0,10505250602.0,4225837515,40.22595628699691
전기전자,2024-05-17,8465408.0,10505250602.0,4231196315,40.276966969207386
전기전자,2024-05-20,8553959.0,10505250602.0,4223336718,40.20215107668118
전기전자,2024-05-21,8488355.0,10505250602.0,4222237816,40.19169057419883
전기전자,2024-05-22,8474889.0,10505250602.0,4222274696,40.19204163674267
전기전자,2024-05-23,8528301.0,10505250602.0,4218543588,40.15652503517498
전기전자,2024-05-24,8358075.0,10505250602.0,4221925930,40.188721715941035
종이목재,2024-03-27,26956.0,1061593112.0,13598183,1.2809223087724781
종이목재,2024-04-04,26109.0,1061593112.0,14318701,1.348793698653915
종이목재,2024-04-05,25925.0,1061593112.0,14219432,1.3394427525260733
종이목재,2024-04-08,25875.0,1061593112.0,13911568,1.3104425643635864
종이목재,2024-04-09,25927.0,1061593112.0,12823475,1.2079463266148247
종이목재,2024-04-10,25927.0,1061593112.0,12823475,1.2079463266148247
종이목재,2024-04-11,25736.0,1061593112.0,12773317,1.2032215408722433
종이목재,2024-04-12,25739.0,1061593112.0,12365918,1.1648453499008762
종이목재,2024-04-15,25498.0,1061593112.0,12952363,1.220087324756493
종이목재,2024-04-16,25191.0,1061593112.0,13419792,1.2641182246103344
종이목재,2024-04-17,25156.0,1061593112.0,13091273,1.2331723757454072
종이목재,2024-04-18,25497.0,1061593112.0,13057770,1.2300164585091995
종이목재,2024-04-19,25164.0,1097419120.0,16171314,1.473576840906508
종이목재,2024-04-22,25298.0,1097419120.0,16302193,1.485502913417437
종이목재,2024-04-23,25260.0,1097419120.0,16058881,1.4633316211950087
종이목재,2024-04-24,25489.0,1097419120.0,15825403,1.442056431457108
종이목재,2024-04-25,25484.0,1097419120.0,16102330,1.467290819573109
종이목재,2024-04-26,25428.0,1097419120.0,15793881,1.4391840557689572
종이목재,2024-04-29,25711.0,1097419120.0,15472791,1.4099254075325387
종이목재,2024-04-30,25704.0,1097419120.0,16021962,1.459967455278162
종이목재,2024-05-01,25704.0,1097419120.0,16021962,1.459967455278162
종이목재,2024-05-02,26024.0,1097419120.0,16066447,1.4640210569686447
종이목재,2024-05-03,26085.0,1097419120.0,15868479,1.445981640997835
종이목재,2024-05-06,26085.0,1097419120.0,15868479,1.445981640997835
종이목재,2024-05-07,26140.0,1097419120.0,16009116,1.4587968906537732
종이목재,2024-05-08,26174.0,1097419120.0,16137125,1.4704614404749938
종이목재,2024-05-09,26205.0,1097419120.0,16342568,1.489182000036595
종이목재,2024-05-10,26239.0,1097419120.0,16317180,1.4868685721458907
종이목재,2024-05-13,26099.0,1097419120.0,16339226,1.4888774673435614
종이목재,2024-05-14,26199.0,1097419120.0,16168534,1.4733235192767555
종이목재,2024-05-15,26199.0,1097419120.0,16168534,1.4733235192767555
종이목재,2024-05-16,26222.0,1097419120.0,16327993,1.487853883938162
종이목재,2024-05-17,26083.0,1097419120.0,16250230,1.4807678947674978
종이목재,2024-05-20,26177.0,1097419120.0,16049097,1.4624400748549014
종이목재,2024-05-21,26080.0,1097419120.0,16401206,1.4945252639666056
종이목재,2024-05-22,26002.0,1097419120.0,16074476,1.4647526826396098
종이목재,2024-05-23,25986.0,1097419120.0,15950733,1.4534768630603045
종이목재,2024-05-24,25841.0,1097419120.0,15923317,1.450978637951925
증권,2024-03-27,212787.0,2523488458.0,371356057,14.715980008655146
증권,2024-04-04,204281.0,2523488458.0,371344668,14.715528688976473
증권,2024-04-05,204447.0,2523488458.0,371628451,14.726774351666164
증권,2024-04-08,205536.0,2523488458.0,371449206,14.719671287674263
증권,2024-04-09,205686.0,2523488458.0,372224393,14.750390152170848
증권,2024-04-10,205686.0,2523488458.0,372224393,14.750390152170848
증권,2024-04-11,200888.0,2523488458.0,371825028,14.734564242655237
증권,2024-04-12,197951.0,2523488458.0,371966823,14.740183249928698
증권,2024-04-15,199026.0,2523488458.0,371462200,14.720186209783726
증권,2024-04-16,194955.0,2523488458.0,370874320,14.696889887657255
증권,2024-04-17,193330.0,2523488880.0,370449663,14.680059259860895
증권,2024-04-18,196879.0,2523488880.0,370262511,14.67264286102184
증권,2024-04-19,194205.0,2523488880.0,370466755,14.680736576100943
증권,2024-04-22,202243.0,2523488880.0,370949952,14.699884550313532
증권,2024-04-23,201806.0,2523488880.0,371265337,14.712382524943008
증권,2024-04-24,201658.0,2523488880.0,370722318,14.690863943890253
증권,2024-04-25,202047.0,2523488880.0,370518383,14.682782473763071
증권,2024-04-26,210721.0,2526320726.0,371312132,14.697743171664104
증권,2024-04-29,212395.0,2526320726.0,371764526,14.715650399172633
증권,2024-04-30,211987.0,2526320726.0,372264547,14.735442858414011
증권,2024-05-01,211987.0,2526320726.0,372264547,14.735442858414011
증권,2024-05-02,208847.0,2526320726.0,372182239,14.732184839780317
증권,2024-05-03,208558.0,2526320726.0,371942253,14.722685412509259
증권,2024-05-06,208558.0,2526320726.0,371942253,14.722685412509259
증권,2024-05-07,211351.0,2526320726.0,372719059,14.753433923258722
증권,2024-05-08,213801.0,2526320726.0,372467404,14.743472598973565
증권,2024-05-09,208713.0,2525620726.0,373080266,14.77182469083048
증권,2024-05-10,215686.0,2525620726.0,372633811,14.754147650275499
증권,2024-05-13,214529.0,2525620726.0,374828097,14.841028707966029
증권,2024-05-14,214032.0,2525620726.0,374446707,14.825927865782013
증권,2024-05-15,214032.0,2525620726.0,374446707,14.825927865782013
증권,2024-05-16,215864.0,2525620726.0,374392759,14.823791836431106
증권,2024-05-17,213331.0,2525620726.0,374839117,14.84146503634608
증권,2024-05-20,213273.0,2525620726.0,374820765,14.840738403094653
증권,2024-05-21,212242.0,2525620726.0,374728152,14.837071462962012
증권,2024-05-22,211601.0,2525620726.0,373206758,14.776833043775078
증권,2024-05-23,209701.0,2525620726.0,372745532,14.758571156895076
증권,2024-05-24,206440.0,2525620726.0,372678056,14.755899496843139
철강금속,2024-03-27,660103.0,2129982974.0,153020189,7.184103857536281
철강금속,2024-04-04,633756.0,2131539482.0,148789366,6.980371100627823
철강금속,2024-04-05,625964.0,2131539482.0,149974595,7.035975465923835
철강금속,2024-04-08,632186.0,2131539482.0,149752713,7.025565994184103
철강금속,2024-04-09,637314.0,2131539482.0,149270104,7.002924658939065
철강금속,2024-04-10,637314.0,2131539482.0,149270104,7.002924658939065
철강금속,2024-04-11,634411.0,2131539482.0,149684606,7.022370791816278
철강금속,2024-04-12,629401.0,2131806782.0,150005543,7.036544975209671
철강금속,2024-04-15,628011.0,2131806782.0,151336266,7.098967283424281
철강금속,2024-04-16,614161.0,2131806782.0,148994832,6.989133971148047
철강금속,2024-04-17,604669.0,2131806782.0,148061578,6.945356363914598
철강금속,2024-04-18,625751.0,2131806782.0,148123887,6.948279189778842
철강금속,2024-04-19,621341.0,2131806782.0,149257167,7.001439729916386
철강금속,2024-04-22,629298.0,2131806782.0,148326238,6.9577711850998325
철강금속,2024-04-23,624293.0,2131806782.0,148402793,6.961362270401109
철강금속,2024-04-24,628023.0,2131806782.0,148427091,6.962502054747661
철강금속,2024-04-25,622541.0,2131806782.0,148280706,6.955635344254196
철강금속,2024-04-26,625145.0,2131806782.0,147497046,6.918874977103812
철강금속,2024-04-29,644547.0,2132140114.0,148937742,6.985363720800949
철강금속,2024-04-30,641691.0,2132140114.0,150922695,7.078460463691647
철강금속,2024-05-01,641691.0,2132140114.0,150922695,7.078460463691647
철강금속,2024-05-02,635043.0,2132140114.0,150989526,7.081594919985639
철강금속,2024-05-03,640416.0,2132140114.0,149126843,6.99423279083806
철강금속,2024-05-06,640416.0,2132140114.0,149126843,6.99423279083806
철강금속,2024-05-07,646131.0,2132140114.0,149745071,7.023228446233341
철강금속,2024-05-08,647746.0,2132140114.0,149981069,7.034297043388397
철강금속,2024-05-09,641728.0,2132140114.0,150233123,7.046118686738427
철강금속,2024-05-10,644927.0,2132140114.0,149539173,7.013571576187699
철강금속,2024-05-13,642807.0,2132140114.0,149074091,6.9917586570016566
철강금속,2024-05-14,647146.0,2132140114.0,148674327,6.973009232544274
철강금속,2024-05-15,647146.0,2132140114.0,148674327,6.973009232544274
철강금속,2024-05-16,653829.0,2132140114.0,148337772,6.957224388115424
철강금속,2024-05-17,645496.0,2132140114.0,149747613,7.0233476691673
철강금속,2024-05-20,653688.0,2132140114.0,148513585,6.965470234570146
철강금속,2024-05-21,646085.0,2132140114.0,149803408,7.025964523455329
철강금속,2024-05-22,640272.0,2132140114.0,147982215,6.940548326459563
철강금속,2024-05-23,633182.0,2132140114.0,147117717,6.9000023044451755
철강금속,2024-05-24,626962.0,2132140114.0,148149821,6.948409254496115
통신업,2024-03-27,265246.0,615738067.0,377936463,61.37942142206387
통신업,2024-04-04,254727.0,615738067.0,376319961,61.11689063395198
통신업,2024-04-05,252369.0,615397138.0,376112375,61.11701725203669
통신업,2024-04-08,254315.0,615397138.0,375902210,61.082866134486316
통신업,2024-04-09,252735.0,615397138.0,375597826,61.03340474098857
통신업,2024-04-10,252735.0,615397138.0,375597826,61.03340474098857
통신업,2024-04-11,248455.0,615397138.0,374971270,60.93159146281243
통신업,2024-04-12,244774.0,615397138.0,374133460,60.79545010818689
통신업,2024-04-15,244836.0,615397138.0,373957405,60.76684175284546
통신업,2024-04-16,244159.0,615397138.0,373653214,60.71741172120954
통신업,2024-04-17,241966.0,615397138.0,373376973,60.67252347215173
통신업,2024-04-18,243555.0,615397138.0,373246804,60.65137144007973
통신업,2024-04-19,241651.0,615397138.0,373440693,60.68287776144972
통신업,2024-04-22,246674.0,615397138.0,373674947,60.72094326184533
통신업,2024-04-23,247236.0,615397138.0,373451984,60.684712511613924
통신업,2024-04-24,248058.0,615397138.0,373310955,60.66179576545252
통신업,2024-04-25,246313.0,615397138.0,373265302,60.654377303912646
통신업,2024-04-26,247985.0,615397138.0,373557402,60.70184258802972
통신업,2024-04-29,248643.0,615397138.0,373387067,60.67416371377404
통신업,2024-04-30,248725.0,615397138.0,373356985,60.669275488245766
통신업,2024-05-01,248725.0,615397138.0,373356985,60.669275488245766
통신업,2024-05-02,247804.0,615397138.0,373134963,60.63319764740277
통신업,2024-05-03,247639.0,615397138.0,372863391,60.58906809540606
통신업,2024-05-06,247639.0,615397138.0,372863391,60.58906809540606
통신업,2024-05-07,251322.0,615397138.0,372758024,60.57194630632162
통신업,2024-05-08,251636.0,615397138.0,372536743,60.53598887552838
통신업,2024-05-09,252979.0,615397138.0,373169342,60.63878412122222
통신업,2024-05-10,253817.0,615397138.0,373164901,60.63806247340722
통신업,2024-05-13,253935.0,615397138.0,373273837,60.65576421319009
통신업,2024-05-14,256519.0,615397138.0,372930263,60.59993457428136
통신업,2024-05-15,256519.0,615397138.0,372930263,60.59993457428136
통신업,2024-05-16,257533.0,615397138.0,373093526,60.62646427192191
통신업,2024-05-17,255814.0,615397138.0,372892971,60.59387474759429
통신업,2024-05-20,255904.0,615397138.0,372787105,60.576671872659894
통신업,2024-05-21,254553.0,615397138.0,372693675,60.561489806603554
통신업,2024-05-22,255962.0,615397138.0,372355317,60.506507750447156
통신업,2024-05-23,253237.0,615397138.0,372508015,60.531320670522845
통신업,2024-05-24,253128.0,615397138.0,372267050,60.4921646548184
화학,2024-03-27,1533729.0,3405239467.0,521383939,15.311226833023195
화학,2024-04-04,1497929.0,3405239467.0,522489058,15.343680321557837
화학,2024-04-05,1494359.0,3405239467.0,522452150,15.342596462394404
화학,2024-04-08,1480846.0,3405239467.0,521981867,15.32878589181464
화학,2024-04-09,1470761.0,3405239467.0,521719121,15.32106995869022
화학,2024-04-10,1470761.0,3405239467.0,521719121,15.32106995869022
화학,2024-04-11,1456985.0,3405239467.0,522229963,15.336071605562651
화학,2024-04-12,1450026.0,3405239467.0,522242472,15.33643895124043
화학,2024-04-15,1438033.0,3404364467.0,522154778,15.337804840271236
화학,2024-04-16,1413204.0,3404364467.0,522411275,15.345339198078289
화학,2024-04-17,1411456.0,3404364467.0,522168287,15.338201654423505
화학,2024-04-18,1432864.0,3404364467.0,522768914,15.355844506880173
화학,2024-04-19,1407801.0,3404364467.0,523670756,15.382335266278643
화학,2024-04-22,1435270.0,3404806291.0,523417396,15.372897935003257
화학,2024-04-23,1422621.0,3404806291.0,523300690,15.369470251016992
화학,2024-04-24,1443228.0,3404806291.0,522240761,15.3383398750305
화학,2024-04-25,1426881.0,3404806291.0,522366986,15.342047134393056
화학,2024-04-26,1429111.0,3404842091.0,521815823,15.325698198436658
화학,2024-04-29,1487052.0,3404842091.0,521542517,15.317671218250926
화학,2024-04-30,1505352.0,3417745317.0,526132583,15.39414245944529
화학,2024-05-01,1505352.0,3417745317.0,526132583,15.39414245944529
화학,2024-05-02,1498581.0,3409911941.0,527820820,15.479016148587398
화학,2024-05-03,1500739.0,3409911941.0,528886224,15.510260474494759
화학,2024-05-06,1500739.0,3409911941.0,528886224,15.510260474494759
화학,2024-05-07,1502362.0,3409911941.0,529140753,15.517724860801618
화학,2024-05-08,1509445.0,3409911941.0,527587729,15.472180458867749
화학,2024-05-09,1501902.0,3409911941.0,527568079,15.471604197652212
화학,2024-05-10,1504808.0,3409911941.0,526560911,15.442067716434323
화학,2024-05-13,1495339.0,3409916941.0,526535235,15.441292093337239
화학,2024-05-14,1511717.0,3409878901.0,526450806,15.43898834194992
화학,2024-05-15,1511717.0,3409878901.0,526450806,15.43898834194992
화학,2024-05-16,1520795.0,3409878901.0,526641051,15.444567572342653
화학,2024-05-17,1510636.0,3409836622.0,526289699,15.434455000114077
화학,2024-05-20,1517109.0,3409836622.0,532436732,15.614728534638866
화학,2024-05-21,1501150.0,3409836622.0,533077071,15.633507704170585
화학,2024-05-22,1510883.0,3409836622.0,533160483,15.635953921079096
화학,2024-05-23,1516773.0,3409836622.0,533176369,15.63641980850307
화학,2024-05-24,1504621.0,3570836618.0,532858458,14.922510184698684
